{
    "Mapping" : {
        "xTiles" : 148,
        "yTiles" : 396,
        "zTiles" : 344,
        "sampleId" : -1,
    },

    "Grid" : {
        "xNum" : 124320, // 148 * 840
        "yNum" : 320364, // 396 * 809
        "zNum" : 201584, // 344 * 586
        "origin" : [0.6987052, 0.9980223, 0.7057003],
        "xWidth" : 0.5988125,
        "yWidth" : 0.8466831,
        "zWidth" : 0.8310359,
    },

    "BC" : {
        // X
        "xBCLeft"  : "Periodic",
        "xBCLeftVel" : [0.2099739, 0.4410183, 0.4906633],
        "xBCLeftTemp" : 0.4044863,
        "xBCRight" : "Periodic",
        "xBCRightVel" : [0.1156091, 0.6859607, 0.4446281],
        "xBCRightTemp" : 0.4196384,
        // Y
        "yBCLeft"  : "AdiabaticWall",
        "yBCLeftVel" : [0.9918297, 0.8624091, 0.3291094],
        "yBCLeftTemp" : 0.8230053,
        "yBCRight" : "AdiabaticWall",
        "yBCRightVel" : [0.4206601, 0.6641698, 0.5674205],
        "yBCRightTemp" : 0.7810168,
        // Z
        "zBCLeft"  : "Symmetry",
        "zBCLeftVel" : [0.1792673, 0.8027272, 0.3218365],
        "zBCLeftTemp" : 0.3692598,
        "zBCRight" : "Symmetry",
        "zBCRightVel" : [0.9480248, 0.9376553, 0.4133212],
        "zBCRightTemp" : 0.3741956,
    },

    "Integrator" : {
        "finalTime" : 0.8029553,
        "restartIter" : -111,
        "maxIter" : 10,
        "cfl" : 0.4106583,
        "fixedDeltaTime" : 0.2098004,
    },

    "Flow" : {
        "gasConstant" : 0.7272462,
        "gamma" : 0.8198141,
        "prandtl" : 0.1565651,
        "viscosityModel" : "Sutherland"
        "constantVisc" : 0.2454194,
        "powerlawViscRef" : 0.9683056,
        "powerlawTempRef" : 0.9913615,
        "sutherlandViscRef" : 0.5815515,
        "sutherlandTempRef" : 0.6935851,
        "sutherlandSRef" : 0.2772065,
        "initCase" : "Uniform",
        "initParams" : [0.4472728, 0.4001904, 0.3713178, 0.6807681, 0.4900506],
        "bodyForce" : [0.7751856, 0.7816449, 0.1264908],
        "turbForcing" : "OFF",
    },

    "Particles" : {
        "initCase" : "Uniform",
        "initNum" : 120,
        "maxNum" : 240,
        "restitutionCoeff" : 0.1487899,
        "convectiveCoeff" : 0.8720309,
        "absorptivity" : 0.6796266,
        "heatCapacity" : 0.3767944,
        "initTemperature" : 0.7490512,
        "density" : 0.4769553,
        "diameterMean" : 0.5250806,
        "bodyForce" : [0.5899043, 0.3012763, 0.6355317],
        "maxSkew" : 1.5,
        "maxXferNum" : 10,
    },

    "Radiation" : {
        "type" : "DOM",
        "intensity" : -1.0,
        "qa" : 0.5,
        "qs" : 0.5,
        "xNum" : 124320, // 148 * 840
        "yNum" : 320364, // 396 * 809
        "zNum" : 201584, // 344 * 586
        "emissEast"  : 1.0,
        "emissWest"  : 1.0,
        "emissSouth" : 1.0,
        "emissNorth" : 1.0,
        "emissUp"    : 1.0,
        "emissDown"  : 1.0,
        "tempEast"  : 300.0,
        "tempWest"  : 2000.0,
        "tempSouth" : 300.0,
        "tempNorth" : 300.0,
        "tempUp"    : 300.0,
        "tempDown"  : 300.0,
    },

    "IO" : {
        "wrtRestart" : "ON",
        "restartEveryTimeSteps" : 444,
        "consoleFrequency" : 333,
        "headerFrequency" : 555,
    },
}
